Name,PlayerId,Team,Salary,GameInfo,Position,Projection,StdDev,Ownership,BattingOrder,FieldPts,LineupStatus
Freddy Peralta,40094439,MIL,9800,LAA@MIL 09/18/2025 07:40PM ET,SP,0,0,0,NS,0,N/A
Yoshinobu Yamamoto,40094238,LAD,9700,SF@LAD 09/18/2025 10:10PM ET,SP,0,0,0,NS,0,N/A
Blake Snell,40094440,LAD,9700,SF@LAD 09/18/2025 10:10PM ET,SP,0,0,0,NS,0,N/A
Tyler Glasnow,40094441,LAD,9700,SF@LAD 09/18/2025 10:10PM ET,SP,0,0,0,NS,0,N/A
Logan Webb,40094239,SF,9400,SF@LAD 09/18/2025 10:10PM ET,SP,0,0,0,NS,0,N/A
Robbie Ray,40094442,SF,9400,SF@LAD 09/18/2025 10:10PM ET,SP,0,0,0,NS,0,N/A
Max Fried,40094240,NYY,9200,NYY@BAL 09/18/2025 07:15PM ET,SP,0,0,0,NS,0,N/A
Carlos Rodon,40094443,NYY,9200,NYY@BAL 09/18/2025 07:15PM ET,SP,0,0,0,NS,0,N/A
Kyle Bradish,40094444,BAL,9000,NYY@BAL 09/18/2025 07:15PM ET,SP,0,0,0,NS,0,N/A
Logan Henderson,40094445,MIL,8800,LAA@MIL 09/18/2025 07:40PM ET,SP,0,0,0,NS,0,N/A
Brandon Woodruff,40094446,MIL,8800,LAA@MIL 09/18/2025 07:40PM ET,SP,0,0,0,NS,0,N/A
Tyler Wells,40094447,BAL,8700,NYY@BAL 09/18/2025 07:15PM ET,SP,0,0,0,NS,0,N/A
Trevor Rogers,40094448,BAL,8700,NYY@BAL 09/18/2025 07:15PM ET,SP,0,0,0,NS,0,N/A
Hunter Greene,40094241,CIN,8700,CHC@CIN 09/18/2025 07:15PM ET,SP,0,0,0,NS,0,N/A
Nick Lodolo,40094450,CIN,8700,CHC@CIN 09/18/2025 07:15PM ET,SP,0,0,0,NS,0,N/A
Andrew Abbott,40094451,CIN,8700,CHC@CIN 09/18/2025 07:15PM ET,SP,0,0,0,NS,0,N/A
Brady Singer,40094452,CIN,8700,CHC@CIN 09/18/2025 07:15PM ET,SP,0,0,0,NS,0,N/A
Emmet Sheehan,40094449,LAD,8700,SF@LAD 09/18/2025 10:10PM ET,SP,0,0,0,NS,0,N/A
Shota Imanaga,40094453,CHC,8500,CHC@CIN 09/18/2025 07:15PM ET,SP,0,0,0,NS,0,N/A
Matthew Boyd,40094454,CHC,8500,CHC@CIN 09/18/2025 07:15PM ET,SP,0,0,0,NS,0,N/A
Justin Steele,40094455,CHC,8500,CHC@CIN 09/18/2025 07:15PM ET,SP,0,0,0,NS,0,N/A
Quinn Priester,40094242,MIL,8000,LAA@MIL 09/18/2025 07:40PM ET,SP,0,0,0,NS,0,N/A
Jacob Misiorowski,40094456,MIL,8000,LAA@MIL 09/18/2025 07:40PM ET,SP,0,0,0,NS,0,N/A
Chad Patrick,40094457,MIL,8000,LAA@MIL 09/18/2025 07:40PM ET,SP,0,0,0,NS,0,N/A
Roki Sasaki,40094458,LAD,7700,SF@LAD 09/18/2025 10:10PM ET,SP,0,0,0,NS,0,N/A
Clayton Kershaw,40094459,LAD,7700,SF@LAD 09/18/2025 10:10PM ET,SP,0,0,0,NS,0,N/A
Tony Gonsolin,40094460,LAD,7700,SF@LAD 09/18/2025 10:10PM ET,SP,0,0,0,NS,0,N/A
Jameson Taillon,40094461,CHC,7500,CHC@CIN 09/18/2025 07:15PM ET,SP,0,0,0,NS,0,N/A
Michael Soroka,40094462,CHC,7500,CHC@CIN 09/18/2025 07:15PM ET,SP,0,0,0,NS,0,N/A
Javier Assad,40094463,CHC,7500,CHC@CIN 09/18/2025 07:15PM ET,SP,0,0,0,NS,0,N/A
Ben Brown,40094464,CHC,7500,CHC@CIN 09/18/2025 07:15PM ET,RP,0,0,0,NS,0,N/A
Cade Horton,40094465,CHC,7500,CHC@CIN 09/18/2025 07:15PM ET,SP,0,0,0,NS,0,N/A
Justin Verlander,40094466,SF,7400,SF@LAD 09/18/2025 10:10PM ET,SP,0,0,0,NS,0,N/A
Landen Roupp,40094467,SF,7400,SF@LAD 09/18/2025 10:10PM ET,RP,0,0,0,NS,0,N/A
Gerrit Cole,40094468,NYY,7200,NYY@BAL 09/18/2025 07:15PM ET,SP,0,0,0,NS,0,N/A
Cam Schlittler,40094470,NYY,7200,NYY@BAL 09/18/2025 07:15PM ET,SP,0,0,0,NS,0,N/A
Will Warren,40094473,NYY,7200,NYY@BAL 09/18/2025 07:15PM ET,SP,0,0,0,NS,0,N/A
Ryan Yarbrough,40094474,NYY,7200,NYY@BAL 09/18/2025 07:15PM ET,RP,0,0,0,NS,0,N/A
Clarke Schmidt,40094476,NYY,7200,NYY@BAL 09/18/2025 07:15PM ET,SP,0,0,0,NS,0,N/A
Luis Gil,40094477,NYY,7200,NYY@BAL 09/18/2025 07:15PM ET,SP,0,0,0,NS,0,N/A
Rhett Lowder,40094469,CIN,7200,CHC@CIN 09/18/2025 07:15PM ET,SP,0,0,0,NS,0,N/A
Chase Burns,40094471,CIN,7200,CHC@CIN 09/18/2025 07:15PM ET,SP,0,0,0,NS,0,N/A
Nick Martinez,40094472,CIN,7200,CHC@CIN 09/18/2025 07:15PM ET,RP,0,0,0,NS,0,N/A
Zack Littell,40094475,CIN,7200,CHC@CIN 09/18/2025 07:15PM ET,RP,0,0,0,NS,0,N/A
Robert Gasser,40094478,MIL,6800,LAA@MIL 09/18/2025 07:40PM ET,SP,0,0,0,NS,0,N/A
Jared Koenig,40094479,MIL,6800,LAA@MIL 09/18/2025 07:40PM ET,RP,0,0,0,NS,0,N/A
Carlos Rodriguez,40094480,MIL,6800,LAA@MIL 09/18/2025 07:40PM ET,SP,0,0,0,NS,0,N/A
Tobias Myers,40094481,MIL,6800,LAA@MIL 09/18/2025 07:40PM ET,SP,0,0,0,NS,0,N/A
Erick Fedde,40094482,MIL,6800,LAA@MIL 09/18/2025 07:40PM ET,SP,0,0,0,NS,0,N/A
Connor Thomas,40094483,MIL,6800,LAA@MIL 09/18/2025 07:40PM ET,SP,0,0,0,NS,0,N/A
Jose Quintana,40094484,MIL,6800,LAA@MIL 09/18/2025 07:40PM ET,RP,0,0,0,NS,0,N/A
Jordan Montgomery,40094485,MIL,6800,LAA@MIL 09/18/2025 07:40PM ET,SP,0,0,0,NS,0,N/A
Aaron Ashby,40094486,MIL,6800,LAA@MIL 09/18/2025 07:40PM ET,RP,0,0,0,NS,0,N/A
DL Hall,40094487,MIL,6800,LAA@MIL 09/18/2025 07:40PM ET,RP,0,0,0,NS,0,N/A
Yusei Kikuchi,40094243,LAA,6700,LAA@MIL 09/18/2025 07:40PM ET,SP,0,0,0,NS,0,N/A
Carson Fulmer,40094488,LAA,6700,LAA@MIL 09/18/2025 07:40PM ET,RP,0,0,0,NS,0,N/A
Jose Soriano,40094489,LAA,6700,LAA@MIL 09/18/2025 07:40PM ET,RP,0,0,0,NS,0,N/A
Tyler Anderson,40094490,LAA,6700,LAA@MIL 09/18/2025 07:40PM ET,SP,0,0,0,NS,0,N/A
Caden Dana,40094491,LAA,6700,LAA@MIL 09/18/2025 07:40PM ET,SP,0,0,0,NS,0,N/A
Mitch Farris,40094492,LAA,6700,LAA@MIL 09/18/2025 07:40PM ET,SP,0,0,0,NS,0,N/A
Aaron Judge,40094246,NYY,6600,NYY@BAL 09/18/2025 07:15PM ET,OF,0,0,0,NS,0,N/A
Shohei Ohtani,40094247,LAD,6500,SF@LAD 09/18/2025 10:10PM ET,1B/OF,0,0,0,NS,0,N/A
Mason Black,40094493,SF,6400,SF@LAD 09/18/2025 10:10PM ET,RP,0,0,0,NS,0,N/A
Spencer Bivens,40094494,SF,6400,SF@LAD 09/18/2025 10:10PM ET,RP,0,0,0,NS,0,N/A
JT Brubaker,40094495,SF,6400,SF@LAD 09/18/2025 10:10PM ET,RP,0,0,0,NS,0,N/A
Carson Seymour,40094496,SF,6400,SF@LAD 09/18/2025 10:10PM ET,RP,0,0,0,NS,0,N/A
Keaton Winn,40094497,SF,6400,SF@LAD 09/18/2025 10:10PM ET,SP,0,0,0,NS,0,N/A
Jose Butto,40094498,SF,6400,SF@LAD 09/18/2025 10:10PM ET,RP,0,0,0,NS,0,N/A
Joey Lucchesi,40094499,SF,6400,SF@LAD 09/18/2025 10:10PM ET,SP,0,0,0,NS,0,N/A
Carson Whisenhunt,40094500,SF,6400,SF@LAD 09/18/2025 10:10PM ET,SP,0,0,0,NS,0,N/A
Blade Tidwell,40094501,SF,6400,SF@LAD 09/18/2025 10:10PM ET,SP,0,0,0,NS,0,N/A
Kai-Wei Teng,40094502,SF,6400,SF@LAD 09/18/2025 10:10PM ET,RP,0,0,0,NS,0,N/A
Hayden Birdsong,40094503,SF,6400,SF@LAD 09/18/2025 10:10PM ET,RP,0,0,0,NS,0,N/A
Tristan Beck,40094504,SF,6400,SF@LAD 09/18/2025 10:10PM ET,RP,0,0,0,NS,0,N/A
Lyon Richardson,40094505,CIN,6200,CHC@CIN 09/18/2025 07:15PM ET,RP,0,0,0,NS,0,N/A
Graham Ashcraft,40094506,CIN,6200,CHC@CIN 09/18/2025 07:15PM ET,RP,0,0,0,NS,0,N/A
Connor Phillips,40094507,CIN,6200,CHC@CIN 09/18/2025 07:15PM ET,SP,0,0,0,NS,0,N/A
Brandon Williamson,40094508,CIN,6200,CHC@CIN 09/18/2025 07:15PM ET,SP,0,0,0,NS,0,N/A
Carson Spiers,40094509,CIN,6200,CHC@CIN 09/18/2025 07:15PM ET,RP,0,0,0,NS,0,N/A
Wade Miley,40094510,CIN,6200,CHC@CIN 09/18/2025 07:15PM ET,SP,0,0,0,NS,0,N/A
Julian Aguiar,40094511,CIN,6200,CHC@CIN 09/18/2025 07:15PM ET,SP,0,0,0,NS,0,N/A
Chase Petty,40094512,CIN,6200,CHC@CIN 09/18/2025 07:15PM ET,SP,0,0,0,NS,0,N/A
Cade Povich,40094244,BAL,6000,NYY@BAL 09/18/2025 07:15PM ET,SP,0,0,0,NS,0,N/A
Cody Poteet,40094513,BAL,6000,NYY@BAL 09/18/2025 07:15PM ET,SP,0,0,0,NS,0,N/A
Chayce McDermott,40094514,BAL,6000,NYY@BAL 09/18/2025 07:15PM ET,SP,0,0,0,NS,0,N/A
Dietrich Enns,40094515,BAL,6000,NYY@BAL 09/18/2025 07:15PM ET,RP,0,0,0,NS,0,N/A
Shawn Dubin,40094516,BAL,6000,NYY@BAL 09/18/2025 07:15PM ET,RP,0,0,0,NS,0,N/A
Matt Bowman,40094517,BAL,6000,NYY@BAL 09/18/2025 07:15PM ET,RP,0,0,0,NS,0,N/A
Brandon Young,40094518,BAL,6000,NYY@BAL 09/18/2025 07:15PM ET,SP,0,0,0,NS,0,N/A
Grayson Rodriguez,40094519,BAL,6000,NYY@BAL 09/18/2025 07:15PM ET,SP,0,0,0,NS,0,N/A
Dean Kremer,40094520,BAL,6000,NYY@BAL 09/18/2025 07:15PM ET,SP,0,0,0,NS,0,N/A
Albert Suarez,40094521,BAL,6000,NYY@BAL 09/18/2025 07:15PM ET,RP,0,0,0,NS,0,N/A
Tomoyuki Sugano,40094522,BAL,6000,NYY@BAL 09/18/2025 07:15PM ET,SP,0,0,0,NS,0,N/A
Zach Eflin,40094523,BAL,6000,NYY@BAL 09/18/2025 07:15PM ET,SP,0,0,0,NS,0,N/A
Sam Aldegheri,40094533,LAA,5700,LAA@MIL 09/18/2025 07:40PM ET,SP,0,0,0,NS,0,N/A
Chase Silseth,40094534,LAA,5700,LAA@MIL 09/18/2025 07:40PM ET,SP,0,0,0,NS,0,N/A
Jack Kochanowicz,40094535,LAA,5700,LAA@MIL 09/18/2025 07:40PM ET,SP,0,0,0,NS,0,N/A
Victor Mederos,40094536,LAA,5700,LAA@MIL 09/18/2025 07:40PM ET,RP,0,0,0,NS,0,N/A
Kyle Hendricks,40094537,LAA,5700,LAA@MIL 09/18/2025 07:40PM ET,SP,0,0,0,NS,0,N/A
Jose Urena,40094538,LAA,5700,LAA@MIL 09/18/2025 07:40PM ET,RP,0,0,0,NS,0,N/A
Bobby Miller,40094524,LAD,5700,SF@LAD 09/18/2025 10:10PM ET,SP,0,0,0,NS,0,N/A
Michael Grove,40094525,LAD,5700,SF@LAD 09/18/2025 10:10PM ET,RP,0,0,0,NS,0,N/A
Matt Sauer,40094526,LAD,5700,SF@LAD 09/18/2025 10:10PM ET,RP,0,0,0,NS,0,N/A
Justin Wrobleski,40094527,LAD,5700,SF@LAD 09/18/2025 10:10PM ET,SP,0,0,0,NS,0,N/A
Ben Casparius,40094528,LAD,5700,SF@LAD 09/18/2025 10:10PM ET,RP,0,0,0,NS,0,N/A
Landon Knack,40094529,LAD,5700,SF@LAD 09/18/2025 10:10PM ET,SP,0,0,0,NS,0,N/A
Gavin Stone,40094530,LAD,5700,SF@LAD 09/18/2025 10:10PM ET,SP,0,0,0,NS,0,N/A
River Ryan,40094531,LAD,5700,SF@LAD 09/18/2025 10:10PM ET,SP,0,0,0,NS,0,N/A
Kyle Hurt,40094532,LAD,5700,SF@LAD 09/18/2025 10:10PM ET,RP,0,0,0,NS,0,N/A
Jazz Chisholm Jr.,40094249,NYY,5600,NYY@BAL 09/18/2025 07:15PM ET,2B,0,0,0,NS,0,N/A
Colin Rea,40094245,CHC,5500,CHC@CIN 09/18/2025 07:15PM ET,RP,0,0,0,NS,0,N/A
Elly De La Cruz,40094250,CIN,5500,CHC@CIN 09/18/2025 07:15PM ET,SS,0,0,0,NS,0,N/A
Nate Pearson,40094539,CHC,5500,CHC@CIN 09/18/2025 07:15PM ET,RP,0,0,0,NS,0,N/A
Jordan Wicks,40094540,CHC,5500,CHC@CIN 09/18/2025 07:15PM ET,SP,0,0,0,NS,0,N/A
Eli Morgan,40094541,CHC,5500,CHC@CIN 09/18/2025 07:15PM ET,RP,0,0,0,NS,0,N/A
Aaron Civale,40094542,CHC,5500,CHC@CIN 09/18/2025 07:15PM ET,RP,0,0,0,NS,0,N/A
Chris Flexen,40094543,CHC,5500,CHC@CIN 09/18/2025 07:15PM ET,SP,0,0,0,NS,0,N/A
Rafael Devers,40094251,SF,5400,SF@LAD 09/18/2025 10:10PM ET,1B,0,0,0,NS,0,N/A
Christian Yelich,40094252,MIL,5300,LAA@MIL 09/18/2025 07:40PM ET,OF,0,0,0,NS,0,N/A
Allan Winans,40094544,NYY,5200,NYY@BAL 09/18/2025 07:15PM ET,SP,0,0,0,NS,0,N/A
Paul Blackburn,40094545,NYY,5200,NYY@BAL 09/18/2025 07:15PM ET,RP,0,0,0,NS,0,N/A
Marcus Stroman,40094546,NYY,5200,NYY@BAL 09/18/2025 07:15PM ET,SP,0,0,0,NS,0,N/A
Kyle Tucker,40094374,CHC,5200,CHC@CIN 09/18/2025 07:15PM ET,OF,0,0,0,NS,0,N/A
Mookie Betts,40094253,LAD,5200,SF@LAD 09/18/2025 10:10PM ET,SS,0,0,0,NS,0,N/A
Giancarlo Stanton,40094254,NYY,5100,NYY@BAL 09/18/2025 07:15PM ET,OF,0,0,0,NS,0,N/A
Cody Bellinger,40094255,NYY,5000,NYY@BAL 09/18/2025 07:15PM ET,OF,0,0,0,NS,0,N/A
Michael Busch,40094256,CHC,4900,CHC@CIN 09/18/2025 07:15PM ET,1B,0,0,0,NS,0,N/A
Jackson Chourio,40094257,MIL,4900,LAA@MIL 09/18/2025 07:40PM ET,OF,0,0,0,NS,0,N/A
Pete Crow-Armstrong,40094259,CHC,4800,CHC@CIN 09/18/2025 07:15PM ET,OF,0,0,0,NS,0,N/A
Brice Turang,40094258,MIL,4800,LAA@MIL 09/18/2025 07:40PM ET,2B,0,0,0,NS,0,N/A
Seiya Suzuki,40094261,CHC,4700,CHC@CIN 09/18/2025 07:15PM ET,OF,0,0,0,NS,0,N/A
William Contreras,40094260,MIL,4700,LAA@MIL 09/18/2025 07:40PM ET,C,0,0,0,NS,0,N/A
Trent Grisham,40094262,NYY,4600,NYY@BAL 09/18/2025 07:15PM ET,OF,0,0,0,NS,0,N/A
Gunnar Henderson,40094263,BAL,4600,NYY@BAL 09/18/2025 07:15PM ET,SS,0,0,0,NS,0,N/A
Austin Hays,40094265,CIN,4500,CHC@CIN 09/18/2025 07:15PM ET,OF,0,0,0,NS,0,N/A
Zach Neto,40094375,LAA,4500,LAA@MIL 09/18/2025 07:40PM ET,SS,0,0,0,NS,0,N/A
Freddie Freeman,40094264,LAD,4500,SF@LAD 09/18/2025 10:10PM ET,1B,0,0,0,NS,0,N/A
Will Smith,40094376,LAD,4500,SF@LAD 09/18/2025 10:10PM ET,C,0,0,0,NS,0,N/A
Ben Rice,40094266,NYY,4400,NYY@BAL 09/18/2025 07:15PM ET,1B/C,0,0,0,NS,0,N/A
Max Muncy,40094268,LAD,4400,SF@LAD 09/18/2025 10:10PM ET,3B,0,0,0,NS,0,N/A
Jordan Westburg,40094269,BAL,4300,NYY@BAL 09/18/2025 07:15PM ET,3B,0,0,0,NS,0,N/A
Teoscar Hernandez,40094270,LAD,4300,SF@LAD 09/18/2025 10:10PM ET,OF,0,0,0,NS,0,N/A
Jackson Holliday,40094271,BAL,4200,NYY@BAL 09/18/2025 07:15PM ET,2B,0,0,0,NS,0,N/A
Matt Chapman,40094272,SF,4200,SF@LAD 09/18/2025 10:10PM ET,3B,0,0,0,NS,0,N/A
Jose Caballero,40094275,NYY,4100,NYY@BAL 09/18/2025 07:15PM ET,SS,0,0,0,NS,0,N/A
TJ Friedl,40094273,CIN,4100,CHC@CIN 09/18/2025 07:15PM ET,OF,0,0,0,NS,0,N/A
Ian Happ,40094274,CHC,4100,CHC@CIN 09/18/2025 07:15PM ET,OF,0,0,0,NS,0,N/A
Sal Frelick,40094276,MIL,4100,LAA@MIL 09/18/2025 07:40PM ET,OF,0,0,0,NS,0,N/A
Tyler O'Neill,40094281,BAL,4000,NYY@BAL 09/18/2025 07:15PM ET,OF,0,0,0,NS,0,N/A
Jasson Dominguez,40094282,NYY,4000,NYY@BAL 09/18/2025 07:15PM ET,OF,0,0,0,NS,0,N/A
Brandon Leibrandt,40094548,NYY,4000,NYY@BAL 09/18/2025 07:15PM ET,RP,0,0,0,NS,0,N/A
Jose Espada,40094550,BAL,4000,NYY@BAL 09/18/2025 07:15PM ET,RP,0,0,0,NS,0,N/A
Michael Arias,40094552,NYY,4000,NYY@BAL 09/18/2025 07:15PM ET,SP,0,0,0,NS,0,N/A
Tim Hill,40094553,NYY,4000,NYY@BAL 09/18/2025 07:15PM ET,RP,0,0,0,NS,0,N/A
Jayvien Sandridge,40094558,NYY,4000,NYY@BAL 09/18/2025 07:15PM ET,RP,0,0,0,NS,0,N/A
Yennier Cano,40094559,BAL,4000,NYY@BAL 09/18/2025 07:15PM ET,RP,0,0,0,NS,0,N/A
Devin Williams,40094564,NYY,4000,NYY@BAL 09/18/2025 07:15PM ET,RP,0,0,0,NS,0,N/A
Keegan Akin,40094565,BAL,4000,NYY@BAL 09/18/2025 07:15PM ET,RP,0,0,0,NS,0,N/A
Josh Walker,40094569,BAL,4000,NYY@BAL 09/18/2025 07:15PM ET,RP,0,0,0,NS,0,N/A
Camilo Doval,40094577,NYY,4000,NYY@BAL 09/18/2025 07:15PM ET,RP,0,0,0,NS,0,N/A
Jonathan Loaisiga,40094580,NYY,4000,NYY@BAL 09/18/2025 07:15PM ET,RP,0,0,0,NS,0,N/A
Scott Blewett,40094583,BAL,4000,NYY@BAL 09/18/2025 07:15PM ET,RP,0,0,0,NS,0,N/A
Jake Bird,40094584,NYY,4000,NYY@BAL 09/18/2025 07:15PM ET,RP,0,0,0,NS,0,N/A
Fernando Cruz,40094586,NYY,4000,NYY@BAL 09/18/2025 07:15PM ET,RP,0,0,0,NS,0,N/A
Ian Hamilton,40094588,NYY,4000,NYY@BAL 09/18/2025 07:15PM ET,RP,0,0,0,NS,0,N/A
Felix Bautista,40094591,BAL,4000,NYY@BAL 09/18/2025 07:15PM ET,RP,0,0,0,NS,0,N/A
Jake Cousins,40094596,NYY,4000,NYY@BAL 09/18/2025 07:15PM ET,RP,0,0,0,NS,0,N/A
David Bednar,40094605,NYY,4000,NYY@BAL 09/18/2025 07:15PM ET,RP,0,0,0,NS,0,N/A
Kade Strowd,40094608,BAL,4000,NYY@BAL 09/18/2025 07:15PM ET,RP,0,0,0,NS,0,N/A
Yaramil Hiraldo,40094610,BAL,4000,NYY@BAL 09/18/2025 07:15PM ET,RP,0,0,0,NS,0,N/A
Colin Selby,40094612,BAL,4000,NYY@BAL 09/18/2025 07:15PM ET,RP,0,0,0,NS,0,N/A
Scott Effross,40094615,NYY,4000,NYY@BAL 09/18/2025 07:15PM ET,RP,0,0,0,NS,0,N/A
Rico Garcia,40094617,BAL,4000,NYY@BAL 09/18/2025 07:15PM ET,RP,0,0,0,NS,0,N/A
Luke Weaver,40094620,NYY,4000,NYY@BAL 09/18/2025 07:15PM ET,RP,0,0,0,NS,0,N/A
Yerry de los Santos,40094622,NYY,4000,NYY@BAL 09/18/2025 07:15PM ET,RP,0,0,0,NS,0,N/A
Brent Headrick,40094624,NYY,4000,NYY@BAL 09/18/2025 07:15PM ET,RP,0,0,0,NS,0,N/A
Grant Wolfram,40094627,BAL,4000,NYY@BAL 09/18/2025 07:15PM ET,RP,0,0,0,NS,0,N/A
Mark Leiter Jr.,40094631,NYY,4000,NYY@BAL 09/18/2025 07:15PM ET,RP,0,0,0,NS,0,N/A
Colten Brewer,40094636,NYY,4000,NYY@BAL 09/18/2025 07:15PM ET,RP,0,0,0,NS,0,N/A
Jose Castillo,40094638,BAL,4000,NYY@BAL 09/18/2025 07:15PM ET,RP,0,0,0,NS,0,N/A
Noelvi Marte,40094277,CIN,4000,CHC@CIN 09/18/2025 07:15PM ET,OF,0,0,0,NS,0,N/A
Nico Hoerner,40094278,CHC,4000,CHC@CIN 09/18/2025 07:15PM ET,2B,0,0,0,NS,0,N/A
Reiver Sanmartin,40094547,CIN,4000,CHC@CIN 09/18/2025 07:15PM ET,RP,0,0,0,NS,0,N/A
Sam Benschoter,40094551,CIN,4000,CHC@CIN 09/18/2025 07:15PM ET,RP,0,0,0,NS,0,N/A
Porter Hodge,40094554,CHC,4000,CHC@CIN 09/18/2025 07:15PM ET,RP,0,0,0,NS,0,N/A
Gavin Hollowell,40094557,CHC,4000,CHC@CIN 09/18/2025 07:15PM ET,RP,0,0,0,NS,0,N/A
Scott Barlow,40094560,CIN,4000,CHC@CIN 09/18/2025 07:15PM ET,RP,0,0,0,NS,0,N/A
Ethan Roberts,40094561,CHC,4000,CHC@CIN 09/18/2025 07:15PM ET,RP,0,0,0,NS,0,N/A
Emilio Pagan,40094568,CIN,4000,CHC@CIN 09/18/2025 07:15PM ET,RP,0,0,0,NS,0,N/A
Jack Neely,40094578,CHC,4000,CHC@CIN 09/18/2025 07:15PM ET,RP,0,0,0,NS,0,N/A
Sam Moll,40094581,CIN,4000,CHC@CIN 09/18/2025 07:15PM ET,RP,0,0,0,NS,0,N/A
Yosver Zulueta,40094582,CIN,4000,CHC@CIN 09/18/2025 07:15PM ET,RP,0,0,0,NS,0,N/A
Ryan Pressly,40094585,CHC,4000,CHC@CIN 09/18/2025 07:15PM ET,RP,0,0,0,NS,0,N/A
Luis Mey,40094592,CIN,4000,CHC@CIN 09/18/2025 07:15PM ET,RP,0,0,0,NS,0,N/A
Ian Gibaut,40094594,CIN,4000,CHC@CIN 09/18/2025 07:15PM ET,RP,0,0,0,NS,0,N/A
Tony Santillan,40094597,CIN,4000,CHC@CIN 09/18/2025 07:15PM ET,SP,0,0,0,NS,0,N/A
Luke Little,40094598,CHC,4000,CHC@CIN 09/18/2025 07:15PM ET,RP,0,0,0,NS,0,N/A
Brandon Hughes,40094603,CHC,4000,CHC@CIN 09/18/2025 07:15PM ET,RP,0,0,0,NS,0,N/A
Zach Maxwell,40094604,CIN,4000,CHC@CIN 09/18/2025 07:15PM ET,RP,0,0,0,NS,0,N/A
Andrew Kittredge,40094609,CHC,4000,CHC@CIN 09/18/2025 07:15PM ET,RP,0,0,0,NS,0,N/A
Ryan Brasier,40094611,CHC,4000,CHC@CIN 09/18/2025 07:15PM ET,RP,0,0,0,NS,0,N/A
Caleb Thielbar,40094616,CHC,4000,CHC@CIN 09/18/2025 07:15PM ET,RP,0,0,0,NS,0,N/A
Taylor Rogers,40094628,CHC,4000,CHC@CIN 09/18/2025 07:15PM ET,RP,0,0,0,NS,0,N/A
Brad Keller,40094629,CHC,4000,CHC@CIN 09/18/2025 07:15PM ET,RP,0,0,0,NS,0,N/A
Drew Pomeranz,40094635,CHC,4000,CHC@CIN 09/18/2025 07:15PM ET,RP,0,0,0,NS,0,N/A
Brent Suter,40094640,CIN,4000,CHC@CIN 09/18/2025 07:15PM ET,RP,0,0,0,NS,0,N/A
Daniel Palencia,40094641,CHC,4000,CHC@CIN 09/18/2025 07:15PM ET,RP,0,0,0,NS,0,N/A
Mike Trout,40094280,LAA,4000,LAA@MIL 09/18/2025 07:40PM ET,OF,0,0,0,NS,0,N/A
Isaac Collins,40094283,MIL,4000,LAA@MIL 09/18/2025 07:40PM ET,OF,0,0,0,NS,0,N/A
Andrew Chafin,40094556,LAA,4000,LAA@MIL 09/18/2025 07:40PM ET,RP,0,0,0,NS,0,N/A
Grant Anderson,40094563,MIL,4000,LAA@MIL 09/18/2025 07:40PM ET,RP,0,0,0,NS,0,N/A
Craig Yoho,40094566,MIL,4000,LAA@MIL 09/18/2025 07:40PM ET,RP,0,0,0,NS,0,N/A
Jose Fermin,40094567,LAA,4000,LAA@MIL 09/18/2025 07:40PM ET,RP,0,0,0,NS,0,N/A
Ryan Zeferjahn,40094571,LAA,4000,LAA@MIL 09/18/2025 07:40PM ET,RP,0,0,0,NS,0,N/A
Nick Mears,40094572,MIL,4000,LAA@MIL 09/18/2025 07:40PM ET,RP,0,0,0,NS,0,N/A
Kenley Jansen,40094574,LAA,4000,LAA@MIL 09/18/2025 07:40PM ET,RP,0,0,0,NS,0,N/A
Trevor Megill,40094575,MIL,4000,LAA@MIL 09/18/2025 07:40PM ET,RP,0,0,0,NS,0,N/A
Hunter Strickland,40094576,LAA,4000,LAA@MIL 09/18/2025 07:40PM ET,RP,0,0,0,NS,0,N/A
Easton McGee,40094579,MIL,4000,LAA@MIL 09/18/2025 07:40PM ET,RP,0,0,0,NS,0,N/A
Shelby Miller,40094589,MIL,4000,LAA@MIL 09/18/2025 07:40PM ET,RP,0,0,0,NS,0,N/A
Ben Joyce,40094590,LAA,4000,LAA@MIL 09/18/2025 07:40PM ET,RP,0,0,0,NS,0,N/A
Luis Garcia,40094595,LAA,4000,LAA@MIL 09/18/2025 07:40PM ET,RP,0,0,0,NS,0,N/A
Sammy Peralta,40094613,LAA,4000,LAA@MIL 09/18/2025 07:40PM ET,RP,0,0,0,NS,0,N/A
Brock Burke,40094614,LAA,4000,LAA@MIL 09/18/2025 07:40PM ET,RP,0,0,0,NS,0,N/A
Joel Payamps,40094618,MIL,4000,LAA@MIL 09/18/2025 07:40PM ET,RP,0,0,0,NS,0,N/A
Ryan Johnson,40094625,LAA,4000,LAA@MIL 09/18/2025 07:40PM ET,RP,0,0,0,NS,0,N/A
Sam Bachman,40094630,LAA,4000,LAA@MIL 09/18/2025 07:40PM ET,RP,0,0,0,NS,0,N/A
Robert Stephenson,40094632,LAA,4000,LAA@MIL 09/18/2025 07:40PM ET,RP,0,0,0,NS,0,N/A
Abner Uribe,40094634,MIL,4000,LAA@MIL 09/18/2025 07:40PM ET,RP,0,0,0,NS,0,N/A
Connor Brogdon,40094639,LAA,4000,LAA@MIL 09/18/2025 07:40PM ET,RP,0,0,0,NS,0,N/A
Reid Detmers,40094642,LAA,4000,LAA@MIL 09/18/2025 07:40PM ET,SP,0,0,0,NS,0,N/A
Rob Zastryzny,40094644,MIL,4000,LAA@MIL 09/18/2025 07:40PM ET,RP,0,0,0,NS,0,N/A
Willy Adames,40094279,SF,4000,SF@LAD 09/18/2025 10:10PM ET,SS,0,0,0,NS,0,N/A
Andy Pages,40094284,LAD,4000,SF@LAD 09/18/2025 10:10PM ET,OF,0,0,0,NS,0,N/A
Nick Frasso,40094549,LAD,4000,SF@LAD 09/18/2025 10:10PM ET,SP,0,0,0,NS,0,N/A
Kirby Yates,40094555,LAD,4000,SF@LAD 09/18/2025 10:10PM ET,RP,0,0,0,NS,0,N/A
Erik Miller,40094562,SF,4000,SF@LAD 09/18/2025 10:10PM ET,RP,0,0,0,NS,0,N/A
Michael Kopech,40094570,LAD,4000,SF@LAD 09/18/2025 10:10PM ET,RP,0,0,0,NS,0,N/A
Ryan Walker,40094573,SF,4000,SF@LAD 09/18/2025 10:10PM ET,RP,0,0,0,NS,0,N/A
Randy Rodriguez,40094587,SF,4000,SF@LAD 09/18/2025 10:10PM ET,RP,0,0,0,NS,0,N/A
Brusdar Graterol,40094593,LAD,4000,SF@LAD 09/18/2025 10:10PM ET,RP,0,0,0,NS,0,N/A
Joel Peguero,40094599,SF,4000,SF@LAD 09/18/2025 10:10PM ET,RP,0,0,0,NS,0,N/A
Alex Vesia,40094600,LAD,4000,SF@LAD 09/18/2025 10:10PM ET,RP,0,0,0,NS,0,N/A
Tanner Scott,40094601,LAD,4000,SF@LAD 09/18/2025 10:10PM ET,RP,0,0,0,NS,0,N/A
Edgardo Henriquez,40094602,LAD,4000,SF@LAD 09/18/2025 10:10PM ET,RP,0,0,0,NS,0,N/A
Jack Dreyer,40094606,LAD,4000,SF@LAD 09/18/2025 10:10PM ET,RP,0,0,0,NS,0,N/A
Will Klein,40094607,LAD,4000,SF@LAD 09/18/2025 10:10PM ET,RP,0,0,0,NS,0,N/A
Paul Gervase,40094619,LAD,4000,SF@LAD 09/18/2025 10:10PM ET,RP,0,0,0,NS,0,N/A
Trevor McDonald,40094621,SF,4000,SF@LAD 09/18/2025 10:10PM ET,RP,0,0,0,NS,0,N/A
Evan Phillips,40094623,LAD,4000,SF@LAD 09/18/2025 10:10PM ET,RP,0,0,0,NS,0,N/A
Brock Stewart,40094626,LAD,4000,SF@LAD 09/18/2025 10:10PM ET,RP,0,0,0,NS,0,N/A
Blake Treinen,40094633,LAD,4000,SF@LAD 09/18/2025 10:10PM ET,RP,0,0,0,NS,0,N/A
Matt Gage,40094637,SF,4000,SF@LAD 09/18/2025 10:10PM ET,RP,0,0,0,NS,0,N/A
J.P. Feyereisen,40094643,LAD,4000,SF@LAD 09/18/2025 10:10PM ET,RP,0,0,0,NS,0,N/A
Anthony Banda,40094645,LAD,4000,SF@LAD 09/18/2025 10:10PM ET,RP,0,0,0,NS,0,N/A
Matt McLain,40094285,CIN,3900,CHC@CIN 09/18/2025 07:15PM ET,2B,0,0,0,NS,0,N/A
Dansby Swanson,40094287,CHC,3900,CHC@CIN 09/18/2025 07:15PM ET,SS,0,0,0,NS,0,N/A
Jo Adell,40094286,LAA,3900,LAA@MIL 09/18/2025 07:40PM ET,OF,0,0,0,NS,0,N/A
Adley Rutschman,40094377,BAL,3800,NYY@BAL 09/18/2025 07:15PM ET,C,0,0,0,NS,0,N/A
Miguel Andujar,40094288,CIN,3800,CHC@CIN 09/18/2025 07:15PM ET,1B,0,0,0,NS,0,N/A
Taylor Ward,40094289,LAA,3800,LAA@MIL 09/18/2025 07:40PM ET,OF,0,0,0,NS,0,N/A
Heliot Ramos,40094290,SF,3800,SF@LAD 09/18/2025 10:10PM ET,OF,0,0,0,NS,0,N/A
Jeremiah Jackson,40094292,BAL,3700,NYY@BAL 09/18/2025 07:15PM ET,3B/OF,0,0,0,NS,0,N/A
Carson Kelly,40094291,CHC,3700,CHC@CIN 09/18/2025 07:15PM ET,C,0,0,0,NS,0,N/A
Miguel Amaya,40094378,CHC,3700,CHC@CIN 09/18/2025 07:15PM ET,C,0,0,0,NS,0,N/A
Blake Perkins,40094295,MIL,3700,LAA@MIL 09/18/2025 07:40PM ET,OF,0,0,0,NS,0,N/A
Wilmer Flores,40094294,SF,3700,SF@LAD 09/18/2025 10:10PM ET,1B,0,0,0,NS,0,N/A
Anthony Volpe,40094299,NYY,3600,NYY@BAL 09/18/2025 07:15PM ET,SS,0,0,0,NS,0,N/A
Colton Cowser,40094301,BAL,3600,NYY@BAL 09/18/2025 07:15PM ET,OF,0,0,0,NS,0,N/A
Will Benson,40094296,CIN,3600,CHC@CIN 09/18/2025 07:15PM ET,OF,0,0,0,NS,0,N/A
Willi Castro,40094297,CHC,3600,CHC@CIN 09/18/2025 07:15PM ET,3B/OF,0,0,0,NS,0,N/A
Rhys Hoskins,40094302,MIL,3600,LAA@MIL 09/18/2025 07:40PM ET,1B,0,0,0,NS,0,N/A
Jung Hoo Lee,40094300,SF,3600,SF@LAD 09/18/2025 10:10PM ET,OF,0,0,0,NS,0,N/A
Tyler Stephenson,40094303,CIN,3500,CHC@CIN 09/18/2025 07:15PM ET,C,0,0,0,NS,0,N/A
Tommy Edman,40094304,LAD,3500,SF@LAD 09/18/2025 10:10PM ET,2B/3B,0,0,0,NS,0,N/A
Drew Gilbert,40094306,SF,3500,SF@LAD 09/18/2025 10:10PM ET,OF,0,0,0,NS,0,N/A
Austin Wells,40094307,NYY,3400,NYY@BAL 09/18/2025 07:15PM ET,C,0,0,0,NS,0,N/A
Austin Slater,40094310,NYY,3400,NYY@BAL 09/18/2025 07:15PM ET,OF,0,0,0,NS,0,N/A
Spencer Steer,40094309,CIN,3400,CHC@CIN 09/18/2025 07:15PM ET,1B,0,0,0,NS,0,N/A
Yoan Moncada,40094308,LAA,3400,LAA@MIL 09/18/2025 07:40PM ET,3B,0,0,0,NS,0,N/A
Alex Jackson,40094311,BAL,3300,NYY@BAL 09/18/2025 07:15PM ET,C,0,0,0,NS,0,N/A
Gavin Lux,40094314,CIN,3300,CHC@CIN 09/18/2025 07:15PM ET,2B/OF,0,0,0,NS,0,N/A
Caleb Durbin,40094312,MIL,3300,LAA@MIL 09/18/2025 07:40PM ET,3B,0,0,0,NS,0,N/A
Jake Bauers,40094313,MIL,3300,LAA@MIL 09/18/2025 07:40PM ET,1B,0,0,0,NS,0,N/A
Dominic Smith,40094379,SF,3300,SF@LAD 09/18/2025 10:10PM ET,1B,0,0,0,NS,0,N/A
Paul Goldschmidt,40094317,NYY,3200,NYY@BAL 09/18/2025 07:15PM ET,1B,0,0,0,NS,0,N/A
Dylan Beavers,40094319,BAL,3200,NYY@BAL 09/18/2025 07:15PM ET,OF,0,0,0,NS,0,N/A
Matt Shaw,40094318,CHC,3200,CHC@CIN 09/18/2025 07:15PM ET,3B,0,0,0,NS,0,N/A
Logan O'Hoppe,40094316,LAA,3200,LAA@MIL 09/18/2025 07:40PM ET,C,0,0,0,NS,0,N/A
Andruw Monasterio,40094321,MIL,3200,LAA@MIL 09/18/2025 07:40PM ET,SS,0,0,0,NS,0,N/A
Casey Schmitt,40094320,SF,3200,SF@LAD 09/18/2025 10:10PM ET,2B,0,0,0,NS,0,N/A
Luis Matos,40094380,SF,3200,SF@LAD 09/18/2025 10:10PM ET,OF,0,0,0,NS,0,N/A
Amed Rosario,40094322,NYY,3100,NYY@BAL 09/18/2025 07:15PM ET,2B/3B,0,0,0,NS,0,N/A
Samuel Basallo,40094325,BAL,3100,NYY@BAL 09/18/2025 07:15PM ET,C,0,0,0,NS,0,N/A
Andrew Vaughn,40094324,MIL,3100,LAA@MIL 09/18/2025 07:40PM ET,1B,0,0,0,NS,0,N/A
Alex Call,40094326,LAD,3100,SF@LAD 09/18/2025 10:10PM ET,OF,0,0,0,NS,0,N/A
Ryan McMahon,40094328,NYY,3000,NYY@BAL 09/18/2025 07:15PM ET,3B,0,0,0,NS,0,N/A
Oswaldo Cabrera,40094382,NYY,3000,NYY@BAL 09/18/2025 07:15PM ET,3B,0,0,0,NS,0,N/A
Carlos Santana,40094330,CHC,3000,CHC@CIN 09/18/2025 07:15PM ET,1B,0,0,0,NS,0,N/A
Danny Jansen,40094327,MIL,3000,LAA@MIL 09/18/2025 07:40PM ET,C,0,0,0,NS,0,N/A
Nolan Schanuel,40094381,LAA,3000,LAA@MIL 09/18/2025 07:40PM ET,1B,0,0,0,NS,0,N/A
Hyeseong Kim,40094329,LAD,3000,SF@LAD 09/18/2025 10:10PM ET,2B,0,0,0,NS,0,N/A
Michael Conforto,40094331,LAD,3000,SF@LAD 09/18/2025 10:10PM ET,OF,0,0,0,NS,0,N/A
Jerar Encarnacion,40094332,SF,3000,SF@LAD 09/18/2025 10:10PM ET,OF,0,0,0,NS,0,N/A
Reese McGuire,40094333,CHC,2900,CHC@CIN 09/18/2025 07:15PM ET,C,0,0,0,NS,0,N/A
Sal Stewart,40094334,CIN,2900,CHC@CIN 09/18/2025 07:15PM ET,1B,0,0,0,NS,0,N/A
Ke'Bryan Hayes,40094336,CIN,2900,CHC@CIN 09/18/2025 07:15PM ET,3B,0,0,0,NS,0,N/A
Christian Moore,40094335,LAA,2900,LAA@MIL 09/18/2025 07:40PM ET,2B,0,0,0,NS,0,N/A
Ryan Mountcastle,40094338,BAL,2800,NYY@BAL 09/18/2025 07:15PM ET,1B,0,0,0,NS,0,N/A
Gary Sanchez,40094383,BAL,2800,NYY@BAL 09/18/2025 07:15PM ET,C,0,0,0,NS,0,N/A
Luis Rengifo,40094337,LAA,2800,LAA@MIL 09/18/2025 07:40PM ET,2B,0,0,0,NS,0,N/A
Joey Ortiz,40094339,MIL,2800,LAA@MIL 09/18/2025 07:40PM ET,SS,0,0,0,NS,0,N/A
Kike Hernandez,40094340,LAD,2800,SF@LAD 09/18/2025 10:10PM ET,3B,0,0,0,NS,0,N/A
Jorge Mateo,40094341,BAL,2700,NYY@BAL 09/18/2025 07:15PM ET,OF/SS,0,0,0,NS,0,N/A
Dylan Carlson,40094346,BAL,2700,NYY@BAL 09/18/2025 07:15PM ET,OF,0,0,0,NS,0,N/A
J.C. Escarra,40094386,NYY,2700,NYY@BAL 09/18/2025 07:15PM ET,C,0,0,0,NS,0,N/A
Rece Hinds,40094384,CIN,2700,CHC@CIN 09/18/2025 07:15PM ET,OF,0,0,0,NS,0,N/A
Jorge Soler,40094385,LAA,2700,LAA@MIL 09/18/2025 07:40PM ET,OF,0,0,0,NS,0,N/A
Garrett Mitchell,40094387,MIL,2700,LAA@MIL 09/18/2025 07:40PM ET,OF,0,0,0,NS,0,N/A
Christian Koss,40094343,SF,2700,SF@LAD 09/18/2025 10:10PM ET,2B/3B,0,0,0,NS,0,N/A
Patrick Bailey,40094345,SF,2700,SF@LAD 09/18/2025 10:10PM ET,C,0,0,0,NS,0,N/A
Coby Mayo,40094349,BAL,2600,NYY@BAL 09/18/2025 07:15PM ET,1B,0,0,0,NS,0,N/A
Chris Taylor,40094347,LAA,2600,LAA@MIL 09/18/2025 07:40PM ET,2B/OF,0,0,0,NS,0,N/A
Miguel Rojas,40094350,LAD,2600,SF@LAD 09/18/2025 10:10PM ET,2B/3B,0,0,0,NS,0,N/A
Jose Trevino,40094352,CIN,2500,CHC@CIN 09/18/2025 07:15PM ET,C,0,0,0,NS,0,N/A
Santiago Espinal,40094355,CIN,2500,CHC@CIN 09/18/2025 07:15PM ET,2B/3B,0,0,0,NS,0,N/A
Christian Encarnacion-Strand,40094388,CIN,2500,CHC@CIN 09/18/2025 07:15PM ET,1B/3B,0,0,0,NS,0,N/A
Bryce Teodosio,40094353,LAA,2500,LAA@MIL 09/18/2025 07:40PM ET,OF,0,0,0,NS,0,N/A
Travis d'Arnaud,40094390,LAA,2500,LAA@MIL 09/18/2025 07:40PM ET,C,0,0,0,NS,0,N/A
Brandon Lockridge,40094391,MIL,2500,LAA@MIL 09/18/2025 07:40PM ET,OF,0,0,0,NS,0,N/A
Bryce Eldridge,40094354,SF,2500,SF@LAD 09/18/2025 10:10PM ET,1B,0,0,0,NS,0,N/A
Moises Ballesteros,40094357,CHC,2400,CHC@CIN 09/18/2025 07:15PM ET,C,0,0,0,NS,0,N/A
Blake Dunn,40094392,CIN,2400,CHC@CIN 09/18/2025 07:15PM ET,OF,0,0,0,NS,0,N/A
Oswald Peraza,40094358,LAA,2400,LAA@MIL 09/18/2025 07:40PM ET,1B/3B,0,0,0,NS,0,N/A
Tyler Black,40094394,MIL,2400,LAA@MIL 09/18/2025 07:40PM ET,1B,0,0,0,NS,0,N/A
Grant McCray,40094360,SF,2400,SF@LAD 09/18/2025 10:10PM ET,OF,0,0,0,NS,0,N/A
Dalton Rushing,40094393,LAD,2400,SF@LAD 09/18/2025 10:10PM ET,C,0,0,0,NS,0,N/A
Luis Vazquez,40094362,BAL,2300,NYY@BAL 09/18/2025 07:15PM ET,3B/SS,0,0,0,NS,0,N/A
Justin Turner,40094361,CHC,2300,CHC@CIN 09/18/2025 07:15PM ET,1B,0,0,0,NS,0,N/A
Anthony Seigler,40094395,MIL,2300,LAA@MIL 09/18/2025 07:40PM ET,3B,0,0,0,NS,0,N/A
Andrew Knizner,40094364,SF,2300,SF@LAD 09/18/2025 10:10PM ET,C,0,0,0,NS,0,N/A
Kevin Alcantara,40094367,CHC,2200,CHC@CIN 09/18/2025 07:15PM ET,OF,0,0,0,NS,0,N/A
Logan Davidson,40094365,LAA,2200,LAA@MIL 09/18/2025 07:40PM ET,1B/3B,0,0,0,NS,0,N/A
Denzer Guzman,40094368,LAA,2200,LAA@MIL 09/18/2025 07:40PM ET,SS,0,0,0,NS,0,N/A
Ben Rortvedt,40094369,LAD,2200,SF@LAD 09/18/2025 10:10PM ET,C,0,0,0,NS,0,N/A
Esteury Ruiz,40094396,LAD,2200,SF@LAD 09/18/2025 10:10PM ET,OF,0,0,0,NS,0,N/A
Sebastian Rivero,40094370,LAA,2100,LAA@MIL 09/18/2025 07:40PM ET,C,0,0,0,NS,0,N/A
DJ LeMahieu,40094402,NYY,2000,NYY@BAL 09/18/2025 07:15PM ET,2B,0,0,0,NS,0,N/A
Braden Shewmake,40094403,NYY,2000,NYY@BAL 09/18/2025 07:15PM ET,2B/3B,0,0,0,NS,0,N/A
Heston Kjerstad,40094414,BAL,2000,NYY@BAL 09/18/2025 07:15PM ET,OF,0,0,0,NS,0,N/A
Ryan Noda,40094420,BAL,2000,NYY@BAL 09/18/2025 07:15PM ET,1B/OF,0,0,0,NS,0,N/A
Daniel Johnson,40094424,BAL,2000,NYY@BAL 09/18/2025 07:15PM ET,OF,0,0,0,NS,0,N/A
Pablo Reyes,40094428,NYY,2000,NYY@BAL 09/18/2025 07:15PM ET,2B/3B,0,0,0,NS,0,N/A
Maverick Handley,40094436,BAL,2000,NYY@BAL 09/18/2025 07:15PM ET,C,0,0,0,NS,0,N/A
Jorbit Vivas,40094437,NYY,2000,NYY@BAL 09/18/2025 07:15PM ET,2B/3B,0,0,0,NS,0,N/A
Garrett Hampson,40094397,CIN,2000,CHC@CIN 09/18/2025 07:15PM ET,3B/OF,0,0,0,NS,0,N/A
Greg Allen,40094401,CHC,2000,CHC@CIN 09/18/2025 07:15PM ET,OF,0,0,0,NS,0,N/A
Tyler Callihan,40094423,CIN,2000,CHC@CIN 09/18/2025 07:15PM ET,OF,0,0,0,NS,0,N/A
Ryan Vilade,40094431,CIN,2000,CHC@CIN 09/18/2025 07:15PM ET,OF,0,0,0,NS,0,N/A
Jon Berti,40094432,CHC,2000,CHC@CIN 09/18/2025 07:15PM ET,3B,0,0,0,NS,0,N/A
Will Banfield,40094433,CIN,2000,CHC@CIN 09/18/2025 07:15PM ET,C,0,0,0,NS,0,N/A
Owen Caissie,40094435,CHC,2000,CHC@CIN 09/18/2025 07:15PM ET,OF,0,0,0,NS,0,N/A
Carter Kieboom,40094371,LAA,2000,LAA@MIL 09/18/2025 07:40PM ET,3B/SS,0,0,0,NS,0,N/A
Anthony Rendon,40094399,LAA,2000,LAA@MIL 09/18/2025 07:40PM ET,3B,0,0,0,NS,0,N/A
Gustavo Campero,40094400,LAA,2000,LAA@MIL 09/18/2025 07:40PM ET,OF,0,0,0,NS,0,N/A
Jeferson Quero,40094406,MIL,2000,LAA@MIL 09/18/2025 07:40PM ET,C,0,0,0,NS,0,N/A
Kyren Paris,40094415,LAA,2000,LAA@MIL 09/18/2025 07:40PM ET,OF,0,0,0,NS,0,N/A
J.D. Davis,40094416,LAA,2000,LAA@MIL 09/18/2025 07:40PM ET,1B/3B,0,0,0,NS,0,N/A
Eddie Rosario,40094422,MIL,2000,LAA@MIL 09/18/2025 07:40PM ET,OF,0,0,0,NS,0,N/A
LaMonte Wade Jr.,40094425,LAA,2000,LAA@MIL 09/18/2025 07:40PM ET,OF,0,0,0,NS,0,N/A
Matthew Lugo,40094426,LAA,2000,LAA@MIL 09/18/2025 07:40PM ET,OF,0,0,0,NS,0,N/A
Steward Berroa,40094430,MIL,2000,LAA@MIL 09/18/2025 07:40PM ET,OF,0,0,0,NS,0,N/A
Chuckie Robinson,40094373,LAD,2000,SF@LAD 09/18/2025 10:10PM ET,C,0,0,0,NS,0,N/A
Cal Mitchell,40094405,SF,2000,SF@LAD 09/18/2025 10:10PM ET,OF,0,0,0,NS,0,N/A
Michael Chavis,40094407,LAD,2000,SF@LAD 09/18/2025 10:10PM ET,1B/2B,0,0,0,NS,0,N/A
Wade Meckler,40094409,SF,2000,SF@LAD 09/18/2025 10:10PM ET,OF,0,0,0,NS,0,N/A
Jesus Rodriguez,40094410,SF,2000,SF@LAD 09/18/2025 10:10PM ET,C,0,0,0,NS,0,N/A
Tom Murphy,40094411,SF,2000,SF@LAD 09/18/2025 10:10PM ET,C,0,0,0,NS,0,N/A
Tyler Fitzgerald,40094412,SF,2000,SF@LAD 09/18/2025 10:10PM ET,2B/OF,0,0,0,NS,0,N/A
Alex Freeland,40094418,LAD,2000,SF@LAD 09/18/2025 10:10PM ET,2B/3B,0,0,0,NS,0,N/A
Marco Luciano,40094427,SF,2000,SF@LAD 09/18/2025 10:10PM ET,2B,0,0,0,NS,0,N/A
Justin Dean,40094434,LAD,2000,SF@LAD 09/18/2025 10:10PM ET,OF,0,0,0,NS,0,N/A
